{
  "meta_title": "",
  "meta_description": "",
  "sections": [
    {
      "type": "banner-slider",
      "autoplay": 9000,
      "full_width": true,
      "slides": [
        {
          "start": "",
          "end": "",
          "img": "/img/uploads/super-sale-22-.png",
          "mobile_img": "/img/uploads/super-sale-22-.png"
        },
        {
          "start": "",
          "end": "",
          "img": "/img/uploads/super-sale-16-.png",
          "mobile_img": "/img/uploads/frete-fixo-13-.png"
        },
        {
          "start": "",
          "end": "",
          "img": "/img/uploads/super-sale-14-.png",
          "mobile_img": "/img/uploads/frete-fixo-12-.png"
        }
      ]
    },
    {
      "type": "info-bar",
      "enabled": true
    },
    {
      "type": "collection-shelf",
      "shuffle": false,
      "limit": 12,
      "page": 1,
      "collection_id": "6250d9d22e405e04ff312efa:categories:Lingeries:/lingeries",
      "link": "https://lavestelingerie.netlify.app/conjuntos",
      "title": "Conjuntos",
      "sort": "news"
    },
    {
      "page": 1,
      "title": "Plus Size",
      "shuffle": true,
      "headless": false,
      "type": "collection-shelf",
      "link": "https://lavestelingerie.netlify.app/lingeries-plus-size",
      "limit": 12,
      "collection_id": "62556aa12e405e04ff39fcf9:categories:Lingeries Plus Size:/lingeries-plus-size",
      "sort": "views"
    },
    {
      "type": "responsive-banner",
      "img": "/img/uploads/voce-merece-essa-nova-lingerie-7-.png",
      "mobile_img": "/img/uploads/voce-merece-essa-nova-lingerie-7-.png"
    },
    {
      "page": 1,
      "title": "Última chance",
      "shuffle": true,
      "headless": false,
      "type": "collection-shelf",
      "link": "https://lavestelingerie.netlify.app/promocao",
      "limit": 12,
      "collection_id": "6251b3bd2e405e04ff32da82:categories:PROMOÇÃO:/promocao",
      "sort": "lowest_price"
    },
    {
      "type": "collection-shelf",
      "shuffle": true,
      "limit": 12,
      "page": 1,
      "collection_id": "6250b9eb2e405e04ff30e10f:categories:Linha Noite:/linha-noite",
      "sort": "views",
      "title": "Linha Noite",
      "link": "https://lavestelingerie.com.br/linha-noite"
    },
    {
      "type": "page-title",
      "title": "La Veste Lingerie",
      "description": "Nosso principal propósito através das nossas peças é levar até você autoestima, leveza e liberdade para exaltar a mulher maravilhosa que é. A lingerie tem um papel essencial na sua vida, aproveita!"
    },
    {
      "type": "banner-slider",
      "autoplay": 9000,
      "full_width": false
    }
  ]
}