{
  "shipping": {
    "show": true,
    "text": "                                                  Enviamos para todo o Brasil",
    "title": "𝗙𝗿𝗲𝘁𝗲 𝗙𝗶𝘅𝗼"
  },
  "installments": {
    "show": true,
    "text": "                                                           2x sem juros",
    "title": "𝗣𝗮𝗿𝗰𝗲𝗹𝗮𝗺𝗼𝘀 𝗲𝗺 𝗮𝘁𝗲́ 𝟭𝟮𝘅"
  },
  "exchange": {
    "show": true,
    "text": "Pagamentos via PIX",
    "title": " 𝟱% 𝗱𝗲 𝗱𝗲𝘀𝗰𝗼𝗻𝘁𝗼"
  },
  "promo": {
    "show": false,
    "text": "Diferentes promoções ao longo do ano!"
  }
}